{
  "id": "fractarium",
  "title": "Fractarium",
  "version": "1.0.0",
  "manifest": "https://github.com/IdleAdventurer/Fractarium/releases/latest/download/module.json",
  "download": "https://github.com/IdleAdventurer/Fractarium/releases/download/1.0.0/module.zip",
  "compatibility": {
    "minimum": "13",
    "verified": "13"
  },
  "description": "<p>A shared compendium with homebrew content for games set in The Fractarium.</p>",
  "authors": [
    {
      "name": "Daka",
      "flags": {}
    },
    {
      "name": "Fractals",
      "flags": {}
    }
  ],
  "flags": {
    "canUpload": true
  },
  "packs": [
    {
      "name": "classes",
      "label": "Classes",
      "path": "packs/classes",
      "type": "Item",
      "system": "dnd5e",
      "ownership": {
        "PLAYER": "OBSERVER",
        "ASSISTANT": "OWNER"
      }
    },
    {
      "name": "subclasses",
      "label": "Subclasses",
      "path": "packs/subclasses",
      "type": "Item",
      "system": "dnd5e",
      "ownership": {
        "PLAYER": "OBSERVER",
        "ASSISTANT": "OWNER"
      }
    },
    {
      "name": "features",
      "label": "Features",
      "path": "packs/features",
      "type": "Item",
      "system": "dnd5e",
      "ownership": {
        "PLAYER": "OBSERVER",
        "ASSISTANT": "OWNER"
      }
    },
    {
      "name": "spells",
      "label": "Spells",
      "path": "packs/spells",
      "type": "Item",
      "system": "dnd5e",
      "ownership": {
        "PLAYER": "OBSERVER",
        "ASSISTANT": "OWNER"
      }
    },
    {
      "name": "items",
      "label": "Items",
      "path": "packs/items",
      "type": "Item",
      "system": "dnd5e",
      "ownership": {
        "PLAYER": "OBSERVER",
        "ASSISTANT": "OWNER"
      }
    },
    {
      "name": "actors",
      "label": "Actors",
      "path": "packs/actors",
      "type": "Actor",
      "ownership": {
        "PLAYER": "OBSERVER",
        "ASSISTANT": "OWNER"
      },
      "system": "dnd5e"
    }
  ]
}